"Treatment","ED50"
"t_01",4.70342357492928
"t_02",6.721634358329
"t_03",10.7626872478426
